"","userID","Expense","Amount","Country","City","Provider","Products","GCategories","SCategories","Entrie_methods"
"1","user_39","1","14","United Kindom","Edinburg","NSF Dentist","Beer","1","14","bs::r"
"2","user_29","1","11","United Kindom","Glasgow","Lidl","Milk","1","14","bs::r"
"3","user_49","1","16","United Kindom","Glasgow","O2club","","1","14","bs"
"4","user_29","1","14","United Kindom","Glasgow","NSF Dentist","Beer","1","14","bs::r"
"5","user_4","1","21","United Kindom","Glasgow","drink","Bannas","1","14","r"
"6","user_39","1","12","United Kindom","Edinburg","coffe","","1","14","bs"
"7","user_46","1","22","United Kindom","Glasgow","check","","1","14","bs"
"8","user_46","1","11","United Kindom","Glasgow","Lidl","","1","14","bs"
"9","user_46","1","11","United Kindom","Edinburg","Train","","1","14","bs"
"10","user_21","0","17","United Kindom","Edinburg","O2club","","1","14","bs"
"11","user_31","1","13","United Kindom","Glasgow","coffe","Bannas","1","14","bs::r"
"12","user_13","1","13","United Kindom","Glasgow","Tesco","Bannas","1","14","bs::r"
"13","user_21","1","18","United Kindom","Edinburg","Lidl","","1","14","bs"
"14","user_15","1","12","United Kindom","Edinburg","Tesco","Dipers","1","14","bs::r"
"15","user_24","1","12","United Kindom","Glasgow","NSF Dentist","Beer","1","14","bs::r"
"16","user_31","1","9","United Kindom","Glasgow","check","","1","14","bs"
"17","user_44","1","19","United Kindom","Glasgow","NSF Dentist","Bannas","1","14","r"
"18","user_45","1","17","United Kindom","Glasgow","coffe","Bannas","1","14","r"
"19","user_23","1","15","United Kindom","Glasgow","Tesco","","1","14","bs"
"20","user_48","1","14","United Kindom","Edinburg","Tesco","Beer","1","14","r"
"21","user_30","1","10","United Kindom","Edinburg","Tesco","","1","14","bs"
"22","user_38","1","16","United Kindom","Edinburg","NSF Dentist","Cheese","1","14","h"
"23","user_12","1","17","United Kindom","Edinburg","Tesco","Bannas","1","14","h"
"24","user_40","1","10","United Kindom","Glasgow","Train","Dipers","1","14","bs::r"
"25","user_13","1","16","United Kindom","Edinburg","check","","1","14","bs"
"26","user_27","0","18","United Kindom","Glasgow","Train","","1","14","bs"
"27","user_44","1","18","United Kindom","Glasgow","NSF Dentist","","1","14","bs"
"28","user_47","1","12","United Kindom","Edinburg","Train","Bannas","1","14","r"
"29","user_8","1","12","United Kindom","Edinburg","Tesco","","1","14","bs"
"30","user_6","1","14","United Kindom","Glasgow","Lidl","Bannas","1","14","bs::r"
"31","user_27","1","14","United Kindom","Edinburg","coffe","Beer","1","14","bs::r"
"32","user_13","1","19","United Kindom","Glasgow","O2club","Milk","1","14","r"
"33","user_41","1","15","United Kindom","Glasgow","NSF Dentist","","1","14","bs"
"34","user_16","1","23","United Kindom","Glasgow","Stabucks","Cheese","1","14","bs::r"
"35","user_10","0","13","United Kindom","Edinburg","O2club","Cheese","1","14","bs::r"
"36","user_5","1","10","United Kindom","Glasgow","Train","Bannas","1","14","bs::r"
"37","user_5","1","13","United Kindom","Edinburg","Adil","Milk","1","14","h"
"38","user_44","1","16","United Kindom","Edinburg","Tesco","","1","14","bs"
"39","user_11","1","15","United Kindom","Glasgow","Adil","","1","14","bs"
"40","user_37","1","15","United Kindom","Edinburg","Train","","1","14","bs"
"41","user_4","1","18","United Kindom","Glasgow","Adil","Bannas","1","14","bs::r"
"42","user_49","1","12","United Kindom","Edinburg","drink","Beer","1","14","r"
"43","user_15","1","17","United Kindom","Glasgow","Stabucks","Dipers","1","14","bs::r"
"44","user_7","1","12","United Kindom","Glasgow","Stabucks","","0","13","bs"
"45","user_46","1","18","United Kindom","Glasgow","drink","Bannas","1","14","r"
"46","user_41","1","18","United Kindom","Edinburg","Stabucks","Milk","0","13","bs::r"
"47","user_8","1","9","United Kindom","Edinburg","check","Milk","1","14","bs::r"
"48","user_47","1","16","United Kindom","Glasgow","Lidl","","1","14","bs"
"49","user_1","1","13","United Kindom","Edinburg","coffe","","1","14","bs"
"50","user_17","1","10","United Kindom","Glasgow","drink","","1","14","bs"
"51","user_12","0","11","United Kindom","Edinburg","check","Bannas","1","14","bs::r"
"52","user_5","1","20","United Kindom","Edinburg","Stabucks","Bannas","1","14","h"
"53","user_1","1","17","United Kindom","Glasgow","Train","","1","14","bs"
"54","user_21","1","9","United Kindom","Glasgow","O2club","","1","14","bs"
"55","user_32","0","10","United Kindom","Glasgow","coffe","Beer","1","14","bs::r"
"56","user_17","1","13","United Kindom","Glasgow","Train","Dipers","1","14","h"
"57","user_16","1","17","United Kindom","Glasgow","O2club","","1","14","bs"
"58","user_39","1","12","United Kindom","Glasgow","Tesco","Milk","1","14","bs::r"
"59","user_6","0","23","United Kindom","Edinburg","drink","Cheese","1","14","bs::r"
"60","user_43","1","16","United Kindom","Glasgow","Stabucks","Beer","1","14","bs::r"
"61","user_19","1","19","United Kindom","Glasgow","Tesco","","1","14","bs"
"62","user_14","1","15","United Kindom","Edinburg","Train","Cheese","1","14","bs::r"
"63","user_22","1","23","United Kindom","Edinburg","Adil","","1","14","bs"
"64","user_29","1","9","United Kindom","Edinburg","O2club","Cheese","1","14","bs::r"
"65","user_45","1","13","United Kindom","Glasgow","coffe","Dipers","1","14","bs::r"
"66","user_39","1","16","United Kindom","Glasgow","NSF Dentist","Cheese","1","14","bs::r"
"67","user_9","1","22","United Kindom","Edinburg","NSF Dentist","Cheese","1","14","bs::r"
"68","user_25","1","17","United Kindom","Edinburg","check","Dipers","1","14","bs::r"
"69","user_38","1","5","United Kindom","Edinburg","Tesco","Beer","1","14","bs::r"
"70","user_23","1","13","United Kindom","Edinburg","coffe","","1","14","bs"
"71","user_36","1","16","United Kindom","Glasgow","Adil","Beer","1","14","bs::r"
"72","user_43","1","14","United Kindom","Edinburg","Stabucks","Bannas","0","13","bs::r"
"73","user_20","1","23","United Kindom","Glasgow","O2club","Beer","1","14","bs::r"
"74","user_44","1","21","United Kindom","Edinburg","Stabucks","Beer","1","14","bs::r"
"75","user_31","1","16","United Kindom","Edinburg","NSF Dentist","Milk","1","14","h"
"76","user_12","1","9","United Kindom","Edinburg","O2club","Bannas","1","14","bs::r"
"77","user_36","1","17","United Kindom","Glasgow","Tesco","Beer","0","13","bs::r"
"78","user_1","1","16","United Kindom","Edinburg","check","Milk","0","13","bs::r"
"79","user_16","0","15","United Kindom","Glasgow","NSF Dentist","Beer","1","14","r"
"80","user_7","1","15","United Kindom","Edinburg","Tesco","","1","14","bs"
"81","user_18","1","11","United Kindom","Glasgow","Stabucks","Cheese","1","14","bs::r"
"82","user_12","0","17","United Kindom","Glasgow","Tesco","Milk","1","14","r"
"83","user_26","1","17","United Kindom","Edinburg","Tesco","Dipers","1","14","bs::r"
"84","user_46","0","12","United Kindom","Edinburg","Tesco","Beer","1","14","h"
"85","user_50","1","14","United Kindom","Edinburg","Lidl","","1","14","bs"
"86","user_8","1","11","United Kindom","Glasgow","Adil","Cheese","1","14","bs::r"
"87","user_36","1","11","United Kindom","Edinburg","Train","Bannas","1","14","bs::r"
"88","user_21","1","8","United Kindom","Glasgow","NSF Dentist","Beer","1","14","h"
"89","user_48","1","16","United Kindom","Edinburg","Adil","Dipers","1","14","bs::r"
"90","user_2","1","11","United Kindom","Edinburg","Adil","","1","14","bs"
"91","user_50","0","16","United Kindom","Edinburg","drink","Bannas","1","14","bs::r"
"92","user_26","1","11","United Kindom","Glasgow","Tesco","Beer","1","14","bs::r"
"93","user_47","1","17","United Kindom","Glasgow","Train","Milk","1","14","bs::r"
"94","user_31","1","16","United Kindom","Edinburg","coffe","Cheese","0","13","r"
"95","user_27","1","16","United Kindom","Glasgow","check","Cheese","1","14","bs::r"
"96","user_37","0","14","United Kindom","Glasgow","Stabucks","Milk","1","14","h"
"97","user_14","1","16","United Kindom","Edinburg","Train","Cheese","1","14","bs::r"
"98","user_9","0","14","United Kindom","Edinburg","Tesco","","1","14","bs"
"99","user_32","1","15","United Kindom","Edinburg","Stabucks","Cheese","1","14","bs::r"
"100","user_26","1","11","United Kindom","Glasgow","Stabucks","Bannas","1","14","bs::r"
"101","user_35","1","17","United Kindom","Glasgow","Tesco","Cheese","1","14","bs::r"
"102","user_2","1","16","United Kindom","Glasgow","Tesco","Cheese","1","14","bs::r"
"103","user_48","1","13","United Kindom","Edinburg","check","Dipers","1","14","bs::r"
"104","user_31","1","16","United Kindom","Edinburg","Lidl","Dipers","1","14","bs::r"
"105","user_6","1","17","United Kindom","Glasgow","O2club","Bannas","1","14","h"
"106","user_38","1","13","United Kindom","Edinburg","coffe","Beer","1","14","bs::r"
"107","user_1","1","8","United Kindom","Edinburg","NSF Dentist","","1","14","bs"
"108","user_23","1","11","United Kindom","Glasgow","Tesco","","1","14","bs"
"109","user_16","1","16","United Kindom","Glasgow","Lidl","Dipers","1","14","bs::r"
"110","user_23","1","19","United Kindom","Glasgow","O2club","Milk","1","14","bs::r"
"111","user_47","0","16","United Kindom","Edinburg","Lidl","Milk","1","14","h"
"112","user_3","1","17","United Kindom","Edinburg","drink","","1","14","bs"
"113","user_45","1","12","United Kindom","Edinburg","Stabucks","Beer","1","14","r"
"114","user_47","1","21","United Kindom","Edinburg","drink","","1","14","bs"
"115","user_3","1","15","United Kindom","Edinburg","drink","Milk","1","14","bs::r"
"116","user_47","1","19","United Kindom","Edinburg","Train","Beer","1","14","bs::r"
"117","user_29","1","17","United Kindom","Edinburg","check","Beer","1","14","r"
"118","user_9","1","14","United Kindom","Edinburg","Tesco","Bannas","1","14","bs::r"
"119","user_39","0","17","United Kindom","Edinburg","Tesco","Cheese","1","14","r"
"120","user_12","1","10","United Kindom","Glasgow","Stabucks","Bannas","1","14","bs::r"
"121","user_44","1","23","United Kindom","Edinburg","Tesco","Milk","1","14","bs::r"
"122","user_16","1","15","United Kindom","Glasgow","Tesco","Milk","1","14","bs::r"
"123","user_36","1","19","United Kindom","Edinburg","coffe","Dipers","1","14","bs::r"
"124","user_16","1","11","United Kindom","Glasgow","check","","0","13","bs"
"125","user_45","1","16","United Kindom","Edinburg","check","Cheese","1","14","bs::r"
"126","user_18","1","8","United Kindom","Edinburg","NSF Dentist","","1","14","bs"
"127","user_18","1","11","United Kindom","Edinburg","drink","Cheese","1","14","h"
"128","user_9","1","17","United Kindom","Edinburg","Lidl","Cheese","1","14","bs::r"
"129","user_18","1","23","United Kindom","Edinburg","Adil","Beer","0","13","r"
"130","user_17","1","17","United Kindom","Glasgow","NSF Dentist","Bannas","1","14","bs::r"
"131","user_44","0","15","United Kindom","Edinburg","Adil","","1","14","bs"
"132","user_50","1","16","United Kindom","Glasgow","check","Bannas","1","14","bs::r"
"133","user_18","1","18","United Kindom","Edinburg","Lidl","Dipers","1","14","bs::r"
"134","user_44","1","19","United Kindom","Glasgow","Adil","Dipers","1","14","bs::r"
"135","user_37","1","13","United Kindom","Glasgow","check","Cheese","1","14","h"
"136","user_34","1","12","United Kindom","Edinburg","Adil","Bannas","1","14","h"
"137","user_45","1","11","United Kindom","Edinburg","Tesco","","1","14","bs"
"138","user_17","1","12","United Kindom","Glasgow","coffe","Dipers","1","14","h"
"139","user_46","1","17","United Kindom","Glasgow","Stabucks","Beer","1","14","bs::r"
"140","user_24","1","15","United Kindom","Glasgow","Lidl","Bannas","1","14","bs::r"
"141","user_30","1","14","United Kindom","Edinburg","NSF Dentist","","1","14","bs"
"142","user_16","0","20","United Kindom","Glasgow","O2club","Beer","1","14","bs::r"
"143","user_21","1","15","United Kindom","Edinburg","O2club","Cheese","1","14","r"
"144","user_19","0","17","United Kindom","Glasgow","coffe","Cheese","1","14","r"
"145","user_16","1","19","United Kindom","Glasgow","coffe","","0","13","bs"
"146","user_40","0","16","United Kindom","Glasgow","drink","Cheese","1","14","bs::r"
"147","user_20","1","13","United Kindom","Glasgow","coffe","Milk","1","14","bs::r"
"148","user_4","1","10","United Kindom","Edinburg","drink","Dipers","1","14","bs::r"
"149","user_7","1","19","United Kindom","Glasgow","Tesco","Dipers","1","14","bs::r"
"150","user_12","1","17","United Kindom","Edinburg","check","Bannas","1","14","bs::r"
"151","user_11","1","20","United Kindom","Edinburg","drink","Cheese","1","14","bs::r"
"152","user_25","0","14","United Kindom","Glasgow","Lidl","Beer","1","14","r"
"153","user_37","1","16","United Kindom","Edinburg","NSF Dentist","Cheese","1","14","h"
"154","user_10","1","15","United Kindom","Edinburg","drink","Bannas","1","14","bs::r"
"155","user_9","1","15","United Kindom","Glasgow","O2club","Milk","1","14","bs::r"
"156","user_48","1","15","United Kindom","Glasgow","Tesco","Beer","1","14","r"
"157","user_36","1","10","United Kindom","Glasgow","Adil","","1","14","bs"
"158","user_39","1","21","United Kindom","Glasgow","drink","Dipers","1","14","h"
"159","user_2","0","10","United Kindom","Edinburg","O2club","Cheese","1","14","bs::r"
"160","user_43","1","16","United Kindom","Glasgow","Adil","Milk","1","14","bs::r"
"161","user_1","1","14","United Kindom","Glasgow","O2club","","1","14","bs"
"162","user_17","1","19","United Kindom","Edinburg","O2club","Cheese","1","14","r"
"163","user_4","1","13","United Kindom","Edinburg","Adil","Milk","1","14","bs::r"
"164","user_41","1","19","United Kindom","Glasgow","Adil","","1","14","bs"
"165","user_12","1","13","United Kindom","Glasgow","drink","Bannas","1","14","bs::r"
"166","user_39","1","13","United Kindom","Glasgow","Tesco","Milk","1","14","bs::r"
"167","user_36","1","12","United Kindom","Glasgow","Tesco","Bannas","1","14","bs::r"
"168","user_15","1","13","United Kindom","Glasgow","Lidl","Cheese","1","14","r"
"169","user_21","1","20","United Kindom","Glasgow","coffe","Beer","0","13","r"
"170","user_50","1","8","United Kindom","Edinburg","NSF Dentist","Bannas","1","14","bs::r"
"171","user_15","1","18","United Kindom","Edinburg","coffe","Bannas","1","14","h"
"172","user_46","1","14","United Kindom","Glasgow","Stabucks","Dipers","1","14","bs::r"
"173","user_39","1","16","United Kindom","Glasgow","Adil","","1","14","bs"
"174","user_22","1","13","United Kindom","Edinburg","Tesco","Bannas","1","14","bs::r"
"175","user_37","1","17","United Kindom","Edinburg","coffe","","1","14","bs"
"176","user_36","1","10","United Kindom","Glasgow","Tesco","","1","14","bs"
"177","user_39","1","15","United Kindom","Edinburg","Train","Milk","1","14","bs::r"
"178","user_31","1","17","United Kindom","Glasgow","Stabucks","Milk","1","14","bs::r"
"179","user_43","1","20","United Kindom","Glasgow","Lidl","Cheese","1","14","bs::r"
"180","user_14","1","19","United Kindom","Glasgow","Tesco","Bannas","0","13","r"
"181","user_37","0","14","United Kindom","Glasgow","coffe","","1","14","bs"
"182","user_42","1","16","United Kindom","Glasgow","Stabucks","","1","14","bs"
"183","user_44","1","10","United Kindom","Edinburg","Tesco","Cheese","1","14","bs::r"
"184","user_29","1","14","United Kindom","Glasgow","O2club","Dipers","1","14","bs::r"
"185","user_35","1","11","United Kindom","Edinburg","O2club","","0","13","bs"
"186","user_47","1","15","United Kindom","Edinburg","drink","Beer","1","14","bs::r"
"187","user_17","0","15","United Kindom","Glasgow","check","Bannas","1","14","h"
"188","user_11","1","18","United Kindom","Edinburg","O2club","Cheese","1","14","bs::r"
"189","user_16","1","8","United Kindom","Glasgow","Tesco","Milk","1","14","h"
"190","user_35","1","15","United Kindom","Glasgow","drink","Bannas","1","14","bs::r"
"191","user_47","1","19","United Kindom","Edinburg","check","Bannas","1","14","bs::r"
"192","user_19","1","14","United Kindom","Glasgow","Tesco","Beer","1","14","bs::r"
"193","user_7","1","16","United Kindom","Glasgow","drink","Beer","1","14","bs::r"
"194","user_36","1","12","United Kindom","Glasgow","Tesco","Beer","1","14","r"
"195","user_25","1","10","United Kindom","Edinburg","drink","Dipers","1","14","bs::r"
"196","user_4","1","8","United Kindom","Edinburg","Train","","1","14","bs"
"197","user_28","1","16","United Kindom","Glasgow","coffe","Bannas","1","14","bs::r"
"198","user_44","1","13","United Kindom","Edinburg","NSF Dentist","","0","13","bs"
"199","user_30","1","13","United Kindom","Glasgow","NSF Dentist","Milk","1","14","bs::r"
"200","user_34","1","10","United Kindom","Edinburg","O2club","Cheese","1","14","bs::r"
"201","user_17","1","15","United Kindom","Edinburg","O2club","Cheese","1","14","bs::r"
"202","user_47","1","24","United Kindom","Glasgow","O2club","Beer","1","14","h"
"203","user_7","1","22","United Kindom","Edinburg","NSF Dentist","Cheese","1","14","h"
"204","user_41","1","9","United Kindom","Edinburg","Tesco","Dipers","1","14","r"
"205","user_6","1","11","United Kindom","Edinburg","check","","1","14","bs"
"206","user_16","1","17","United Kindom","Glasgow","O2club","Cheese","1","14","bs::r"
"207","user_36","1","13","United Kindom","Glasgow","NSF Dentist","","1","14","bs"
"208","user_21","1","15","United Kindom","Edinburg","NSF Dentist","Cheese","1","14","bs::r"
"209","user_31","1","19","United Kindom","Edinburg","NSF Dentist","Cheese","1","14","bs::r"
"210","user_48","0","13","United Kindom","Edinburg","coffe","","1","14","bs"
"211","user_8","1","23","United Kindom","Edinburg","Train","","1","14","bs"
"212","user_5","1","18","United Kindom","Glasgow","Train","Beer","1","14","r"
"213","user_46","0","20","United Kindom","Glasgow","O2club","","1","14","bs"
"214","user_45","1","15","United Kindom","Glasgow","drink","Milk","1","14","r"
"215","user_9","1","18","United Kindom","Glasgow","Tesco","Beer","1","14","h"
"216","user_34","1","15","United Kindom","Glasgow","Train","Bannas","1","14","bs::r"
"217","user_41","1","10","United Kindom","Glasgow","Stabucks","Bannas","1","14","bs::r"
"218","user_17","1","16","United Kindom","Edinburg","Adil","Milk","1","14","bs::r"
"219","user_11","1","13","United Kindom","Glasgow","coffe","Beer","1","14","bs::r"
"220","user_8","1","17","United Kindom","Edinburg","Tesco","Dipers","0","13","bs::r"
"221","user_23","1","17","United Kindom","Edinburg","Tesco","","1","14","bs"
"222","user_23","1","16","United Kindom","Glasgow","coffe","Milk","1","14","bs::r"
"223","user_47","1","16","United Kindom","Edinburg","Tesco","Dipers","1","14","bs::r"
"224","user_29","1","24","United Kindom","Edinburg","Train","Cheese","1","14","r"
"225","user_40","1","20","United Kindom","Glasgow","Lidl","Dipers","1","14","bs::r"
"226","user_46","1","12","United Kindom","Edinburg","check","Cheese","1","14","r"
"227","user_44","1","14","United Kindom","Glasgow","Adil","Milk","1","14","bs::r"
"228","user_19","1","17","United Kindom","Glasgow","Tesco","Beer","1","14","r"
"229","user_27","1","9","United Kindom","Edinburg","Tesco","","1","14","bs"
"230","user_23","1","12","United Kindom","Glasgow","Adil","","1","14","bs"
"231","user_13","1","18","United Kindom","Edinburg","Stabucks","Bannas","1","14","bs::r"
"232","user_7","1","24","United Kindom","Edinburg","NSF Dentist","Beer","1","14","h"
"233","user_8","1","16","United Kindom","Edinburg","Lidl","","1","14","bs"
"234","user_48","1","9","United Kindom","Glasgow","Train","Dipers","1","14","bs::r"
"235","user_50","1","19","United Kindom","Edinburg","Train","Bannas","1","14","bs::r"
"236","user_42","1","16","United Kindom","Glasgow","drink","Cheese","1","14","r"
"237","user_21","1","27","United Kindom","Edinburg","Train","Dipers","1","14","bs::r"
"238","user_32","1","18","United Kindom","Edinburg","Train","Bannas","1","14","bs::r"
"239","user_12","1","18","United Kindom","Glasgow","Lidl","Milk","1","14","r"
"240","user_42","1","19","United Kindom","Edinburg","Train","Dipers","1","14","bs::r"
"241","user_39","1","15","United Kindom","Glasgow","Tesco","","1","14","bs"
"242","user_42","1","17","United Kindom","Glasgow","Tesco","Bannas","1","14","h"
"243","user_26","1","10","United Kindom","Edinburg","Tesco","","1","14","bs"
"244","user_44","1","16","United Kindom","Glasgow","Tesco","Dipers","1","14","bs::r"
"245","user_14","1","7","United Kindom","Glasgow","coffe","","1","14","bs"
"246","user_45","1","15","United Kindom","Glasgow","Tesco","Dipers","1","14","r"
"247","user_14","1","15","United Kindom","Glasgow","drink","","0","13","bs"
"248","user_27","1","17","United Kindom","Glasgow","Tesco","","1","14","bs"
"249","user_33","1","14","United Kindom","Glasgow","check","","1","14","bs"
"250","user_22","1","18","United Kindom","Edinburg","Tesco","","1","14","bs"
"251","user_6","1","12","United Kindom","Glasgow","Tesco","","1","14","bs"
"252","user_45","1","10","United Kindom","Edinburg","Tesco","","1","14","bs"
"253","user_23","1","6","United Kindom","Glasgow","Train","Beer","0","13","r"
"254","user_32","1","17","United Kindom","Glasgow","Train","Cheese","0","13","bs::r"
"255","user_27","0","11","United Kindom","Edinburg","O2club","Beer","1","14","bs::r"
"256","user_27","1","15","United Kindom","Edinburg","Tesco","Cheese","1","14","h"
"257","user_33","1","13","United Kindom","Edinburg","Stabucks","Cheese","1","14","bs::r"
"258","user_2","1","18","United Kindom","Glasgow","Lidl","","1","14","bs"
"259","user_10","1","10","United Kindom","Edinburg","Train","Cheese","1","14","bs::r"
"260","user_42","1","14","United Kindom","Glasgow","Lidl","","1","14","bs"
"261","user_15","1","14","United Kindom","Glasgow","check","Cheese","0","13","bs::r"
"262","user_1","1","20","United Kindom","Edinburg","NSF Dentist","Beer","1","14","bs::r"
"263","user_12","1","12","United Kindom","Glasgow","O2club","Bannas","1","14","bs::r"
"264","user_40","1","14","United Kindom","Glasgow","Tesco","","1","14","bs"
"265","user_32","0","12","United Kindom","Glasgow","Lidl","Beer","0","13","bs::r"
"266","user_8","1","15","United Kindom","Edinburg","Tesco","","1","14","bs"
"267","user_32","1","13","United Kindom","Edinburg","NSF Dentist","Bannas","1","14","bs::r"
"268","user_3","1","12","United Kindom","Glasgow","O2club","Milk","0","13","bs::r"
"269","user_45","0","21","United Kindom","Glasgow","check","Cheese","1","14","bs::r"
"270","user_10","1","14","United Kindom","Glasgow","Adil","Milk","1","14","bs::r"
"271","user_6","0","19","United Kindom","Edinburg","drink","Dipers","1","14","bs::r"
"272","user_26","0","10","United Kindom","Edinburg","Tesco","Dipers","1","14","bs::r"
"273","user_26","1","12","United Kindom","Glasgow","check","","1","14","bs"
"274","user_1","0","24","United Kindom","Edinburg","drink","Cheese","1","14","bs::r"
"275","user_40","1","14","United Kindom","Glasgow","coffe","Dipers","1","14","bs::r"
"276","user_6","0","17","United Kindom","Glasgow","Tesco","Cheese","1","14","bs::r"
"277","user_37","1","22","United Kindom","Glasgow","Tesco","Milk","1","14","r"
"278","user_46","1","12","United Kindom","Glasgow","O2club","Cheese","1","14","bs::r"
"279","user_31","1","22","United Kindom","Glasgow","O2club","Bannas","1","14","r"
"280","user_4","1","16","United Kindom","Glasgow","O2club","Dipers","1","14","h"
"281","user_21","1","18","United Kindom","Edinburg","Tesco","Dipers","1","14","bs::r"
"282","user_25","1","13","United Kindom","Glasgow","drink","","1","14","bs"
"283","user_10","1","10","United Kindom","Edinburg","coffe","Bannas","1","14","bs::r"
"284","user_37","1","15","United Kindom","Edinburg","Lidl","Cheese","1","14","r"
"285","user_15","0","10","United Kindom","Edinburg","NSF Dentist","Beer","1","14","bs::r"
"286","user_23","1","16","United Kindom","Glasgow","Lidl","Bannas","1","14","r"
"287","user_32","0","13","United Kindom","Glasgow","Adil","","1","14","bs"
"288","user_50","0","13","United Kindom","Edinburg","Stabucks","","1","14","bs"
"289","user_8","1","18","United Kindom","Edinburg","Lidl","","1","14","bs"
"290","user_7","1","17","United Kindom","Edinburg","Train","Milk","1","14","bs::r"
"291","user_22","1","12","United Kindom","Edinburg","Stabucks","Cheese","0","13","h"
"292","user_49","1","13","United Kindom","Edinburg","Tesco","","1","14","bs"
"293","user_27","1","12","United Kindom","Edinburg","NSF Dentist","Cheese","1","14","bs::r"
"294","user_44","1","17","United Kindom","Edinburg","O2club","","1","14","bs"
"295","user_12","0","14","United Kindom","Glasgow","check","Dipers","1","14","bs::r"
"296","user_23","1","12","United Kindom","Edinburg","O2club","Milk","1","14","bs::r"
"297","user_25","1","16","United Kindom","Edinburg","Tesco","","1","14","bs"
"298","user_47","1","15","United Kindom","Glasgow","coffe","Beer","1","14","bs::r"
"299","user_18","1","18","United Kindom","Glasgow","coffe","","1","14","bs"
"300","user_45","1","11","United Kindom","Glasgow","O2club","Beer","1","14","bs::r"
"301","user_4","1","18","United Kindom","Glasgow","Stabucks","Beer","1","14","h"
"302","user_34","1","15","United Kindom","Edinburg","Lidl","","1","14","bs"
"303","user_22","1","13","United Kindom","Glasgow","NSF Dentist","Bannas","1","14","bs::r"
"304","user_9","1","10","United Kindom","Edinburg","coffe","","1","14","bs"
"305","user_32","1","12","United Kindom","Edinburg","drink","","1","14","bs"
"306","user_19","1","20","United Kindom","Glasgow","Lidl","Cheese","1","14","bs::r"
"307","user_22","1","11","United Kindom","Edinburg","O2club","","0","13","bs"
"308","user_10","1","16","United Kindom","Edinburg","drink","Milk","1","14","bs::r"
"309","user_32","1","19","United Kindom","Edinburg","O2club","Cheese","1","14","bs::r"
"310","user_13","1","9","United Kindom","Edinburg","coffe","Bannas","1","14","bs::r"
"311","user_6","1","12","United Kindom","Glasgow","NSF Dentist","Bannas","1","14","r"
"312","user_32","1","18","United Kindom","Edinburg","Tesco","Milk","1","14","bs::r"
"313","user_19","1","12","United Kindom","Edinburg","Stabucks","Bannas","0","13","bs::r"
"314","user_49","1","21","United Kindom","Glasgow","Lidl","Dipers","1","14","bs::r"
"315","user_9","1","14","United Kindom","Edinburg","Adil","","1","14","bs"
"316","user_21","1","8","United Kindom","Edinburg","O2club","Beer","1","14","bs::r"
"317","user_31","1","19","United Kindom","Edinburg","Train","","1","14","bs"
"318","user_10","1","11","United Kindom","Glasgow","drink","Beer","1","14","bs::r"
"319","user_39","1","17","United Kindom","Glasgow","Adil","","1","14","bs"
"320","user_45","0","19","United Kindom","Edinburg","O2club","","1","14","bs"
"321","user_20","1","17","United Kindom","Edinburg","Lidl","Beer","1","14","bs::r"
"322","user_42","1","12","United Kindom","Glasgow","Adil","Milk","1","14","bs::r"
"323","user_33","1","20","United Kindom","Glasgow","Train","Beer","1","14","bs::r"
"324","user_40","1","12","United Kindom","Edinburg","O2club","Cheese","1","14","r"
"325","user_47","1","16","United Kindom","Edinburg","NSF Dentist","Beer","1","14","bs::r"
"326","user_5","1","12","United Kindom","Edinburg","O2club","Dipers","1","14","bs::r"
"327","user_50","1","18","United Kindom","Edinburg","Lidl","Cheese","1","14","h"
"328","user_34","1","21","United Kindom","Glasgow","Tesco","","0","13","bs"
"329","user_33","0","26","United Kindom","Glasgow","drink","Milk","1","14","bs::r"
"330","user_47","1","9","United Kindom","Glasgow","check","","1","14","bs"
"331","user_18","1","12","United Kindom","Edinburg","NSF Dentist","Bannas","1","14","r"
"332","user_15","1","23","United Kindom","Edinburg","Train","Beer","1","14","bs::r"
"333","user_25","1","19","United Kindom","Edinburg","NSF Dentist","","1","14","bs"
"334","user_2","1","15","United Kindom","Edinburg","Adil","Cheese","1","14","bs::r"
"335","user_47","1","23","United Kindom","Edinburg","Adil","Cheese","1","14","bs::r"
"336","user_24","1","14","United Kindom","Glasgow","O2club","Beer","1","14","r"
"337","user_48","1","14","United Kindom","Glasgow","Tesco","","1","14","bs"
"338","user_44","1","13","United Kindom","Edinburg","O2club","Dipers","1","14","bs::r"
"339","user_47","1","19","United Kindom","Edinburg","Stabucks","","1","14","bs"
"340","user_36","1","10","United Kindom","Edinburg","Stabucks","","1","14","bs"
"341","user_20","1","13","United Kindom","Edinburg","Adil","Beer","1","14","bs::r"
"342","user_34","1","19","United Kindom","Edinburg","Tesco","Beer","1","14","r"
"343","user_28","1","14","United Kindom","Edinburg","Adil","Beer","1","14","bs::r"
"344","user_15","1","18","United Kindom","Edinburg","Lidl","Bannas","1","14","bs::r"
"345","user_35","0","16","United Kindom","Edinburg","Tesco","Cheese","1","14","r"
"346","user_34","1","17","United Kindom","Edinburg","Tesco","Cheese","1","14","bs::r"
"347","user_36","0","13","United Kindom","Edinburg","drink","Dipers","1","14","bs::r"
"348","user_47","1","21","United Kindom","Edinburg","Adil","","1","14","bs"
"349","user_31","1","12","United Kindom","Edinburg","O2club","Cheese","1","14","bs::r"
"350","user_27","1","16","United Kindom","Edinburg","Tesco","Milk","1","14","r"
"351","user_36","1","13","United Kindom","Edinburg","Train","Bannas","1","14","bs::r"
"352","user_47","1","22","United Kindom","Glasgow","O2club","Dipers","1","14","bs::r"
"353","user_15","1","15","United Kindom","Glasgow","coffe","Milk","1","14","bs::r"
"354","user_46","1","16","United Kindom","Edinburg","check","Cheese","1","14","bs::r"
"355","user_46","1","15","United Kindom","Glasgow","Tesco","Cheese","1","14","bs::r"
"356","user_3","1","15","United Kindom","Edinburg","drink","Bannas","1","14","bs::r"
"357","user_46","0","20","United Kindom","Edinburg","Train","Dipers","1","14","bs::r"
"358","user_9","1","24","United Kindom","Edinburg","coffe","Bannas","1","14","bs::r"
"359","user_26","1","13","United Kindom","Edinburg","O2club","","1","14","bs"
"360","user_42","0","24","United Kindom","Edinburg","Stabucks","Milk","1","14","h"
"361","user_3","1","17","United Kindom","Edinburg","O2club","Bannas","1","14","bs::r"
"362","user_18","1","16","United Kindom","Glasgow","Tesco","Dipers","1","14","bs::r"
"363","user_13","1","15","United Kindom","Edinburg","drink","Milk","1","14","bs::r"
"364","user_19","1","10","United Kindom","Glasgow","drink","Beer","1","14","bs::r"
"365","user_16","1","17","United Kindom","Edinburg","NSF Dentist","","1","14","bs"
"366","user_29","1","14","United Kindom","Edinburg","Tesco","Cheese","0","13","bs::r"
"367","user_45","0","14","United Kindom","Edinburg","check","Cheese","0","13","bs::r"
"368","user_9","1","15","United Kindom","Glasgow","Tesco","Dipers","1","14","bs::r"
"369","user_7","1","17","United Kindom","Edinburg","Lidl","","1","14","bs"
"370","user_1","1","17","United Kindom","Glasgow","check","Milk","1","14","bs::r"
"371","user_37","1","8","United Kindom","Edinburg","O2club","Cheese","1","14","bs::r"
"372","user_29","1","11","United Kindom","Glasgow","Lidl","","1","14","bs"
"373","user_40","1","21","United Kindom","Glasgow","Tesco","","1","14","bs"
"374","user_27","1","11","United Kindom","Glasgow","drink","Bannas","1","14","r"
"375","user_2","1","13","United Kindom","Glasgow","NSF Dentist","Cheese","1","14","bs::r"
"376","user_37","1","10","United Kindom","Glasgow","Lidl","","1","14","bs"
"377","user_7","1","12","United Kindom","Glasgow","Tesco","Bannas","1","14","bs::r"
"378","user_37","1","10","United Kindom","Edinburg","Tesco","Dipers","1","14","bs::r"
"379","user_22","1","13","United Kindom","Glasgow","coffe","Beer","1","14","r"
"380","user_38","1","22","United Kindom","Edinburg","coffe","","1","14","bs"
"381","user_50","1","11","United Kindom","Edinburg","Lidl","Milk","1","14","bs::r"
"382","user_50","1","12","United Kindom","Glasgow","Lidl","Beer","1","14","bs::r"
"383","user_7","1","15","United Kindom","Glasgow","Adil","Milk","1","14","bs::r"
"384","user_35","1","19","United Kindom","Edinburg","coffe","Dipers","1","14","bs::r"
"385","user_37","1","10","United Kindom","Glasgow","NSF Dentist","Milk","1","14","r"
"386","user_33","1","12","United Kindom","Glasgow","Tesco","Beer","1","14","bs::r"
"387","user_31","0","7","United Kindom","Edinburg","Lidl","Beer","1","14","bs::r"
"388","user_43","1","16","United Kindom","Glasgow","Train","Milk","1","14","bs::r"
"389","user_23","1","16","United Kindom","Edinburg","Adil","Cheese","1","14","bs::r"
"390","user_17","0","22","United Kindom","Edinburg","coffe","Milk","1","14","h"
"391","user_2","1","8","United Kindom","Glasgow","O2club","Bannas","1","14","bs::r"
"392","user_50","1","19","United Kindom","Glasgow","Train","Cheese","1","14","bs::r"
"393","user_30","1","12","United Kindom","Edinburg","Lidl","Dipers","1","14","h"
"394","user_23","1","15","United Kindom","Edinburg","Train","Cheese","1","14","bs::r"
"395","user_18","1","16","United Kindom","Edinburg","Train","","1","14","bs"
"396","user_44","1","8","United Kindom","Edinburg","Train","Cheese","1","14","bs::r"
"397","user_15","1","13","United Kindom","Glasgow","Train","Bannas","0","13","bs::r"
"398","user_43","1","12","United Kindom","Glasgow","Stabucks","Cheese","1","14","h"
"399","user_37","1","13","United Kindom","Glasgow","Lidl","","1","14","bs"
"400","user_43","1","16","United Kindom","Edinburg","Train","Bannas","1","14","bs::r"
"401","user_44","1","19","United Kindom","Edinburg","drink","","0","13","bs"
"402","user_29","1","17","United Kindom","Glasgow","Tesco","","1","14","bs"
"403","user_32","1","19","United Kindom","Edinburg","Lidl","Bannas","1","14","bs::r"
"404","user_5","1","14","United Kindom","Edinburg","drink","Cheese","1","14","bs::r"
"405","user_42","1","8","United Kindom","Edinburg","drink","","1","14","bs"
"406","user_50","1","17","United Kindom","Edinburg","Tesco","Dipers","1","14","bs::r"
"407","user_37","0","18","United Kindom","Edinburg","O2club","","1","14","bs"
"408","user_17","1","22","United Kindom","Glasgow","Train","Cheese","1","14","bs::r"
"409","user_26","1","8","United Kindom","Edinburg","NSF Dentist","Cheese","1","14","bs::r"
"410","user_3","1","14","United Kindom","Glasgow","drink","Bannas","0","13","r"
"411","user_46","1","10","United Kindom","Edinburg","Lidl","Cheese","1","14","r"
"412","user_17","1","10","United Kindom","Glasgow","Tesco","Beer","1","14","bs::r"
"413","user_37","1","13","United Kindom","Edinburg","Lidl","","1","14","bs"
"414","user_44","1","21","United Kindom","Glasgow","check","Dipers","1","14","bs::r"
"415","user_44","1","12","United Kindom","Edinburg","Lidl","Dipers","1","14","bs::r"
"416","user_48","0","16","United Kindom","Glasgow","Tesco","","1","14","bs"
"417","user_48","1","16","United Kindom","Glasgow","Tesco","Milk","1","14","bs::r"
"418","user_26","1","11","United Kindom","Edinburg","Adil","","1","14","bs"
"419","user_25","1","16","United Kindom","Edinburg","NSF Dentist","Beer","1","14","bs::r"
"420","user_24","1","18","United Kindom","Glasgow","Train","Beer","1","14","bs::r"
"421","user_48","1","14","United Kindom","Glasgow","drink","Beer","1","14","bs::r"
"422","user_6","1","17","United Kindom","Glasgow","NSF Dentist","Beer","1","14","bs::r"
"423","user_17","1","18","United Kindom","Edinburg","Tesco","Milk","1","14","r"
"424","user_47","1","11","United Kindom","Edinburg","Adil","Milk","1","14","bs::r"
"425","user_36","1","10","United Kindom","Edinburg","drink","","1","14","bs"
"426","user_3","0","23","United Kindom","Edinburg","Tesco","Dipers","1","14","bs::r"
"427","user_39","1","13","United Kindom","Edinburg","O2club","Milk","1","14","bs::r"
"428","user_38","1","11","United Kindom","Glasgow","Stabucks","Cheese","1","14","bs::r"
"429","user_11","1","23","United Kindom","Glasgow","O2club","Dipers","1","14","bs::r"
"430","user_33","1","16","United Kindom","Edinburg","O2club","Dipers","1","14","h"
"431","user_29","1","11","United Kindom","Glasgow","check","Bannas","1","14","bs::r"
"432","user_38","1","17","United Kindom","Edinburg","O2club","Bannas","1","14","h"
"433","user_27","1","15","United Kindom","Edinburg","Train","Beer","1","14","bs::r"
"434","user_10","1","22","United Kindom","Edinburg","Stabucks","Cheese","0","13","r"
"435","user_18","1","10","United Kindom","Edinburg","Tesco","Cheese","1","14","bs::r"
"436","user_13","1","8","United Kindom","Edinburg","Train","Dipers","1","14","bs::r"
"437","user_50","1","11","United Kindom","Glasgow","Tesco","Bannas","1","14","bs::r"
"438","user_5","1","15","United Kindom","Glasgow","coffe","","1","14","bs"
"439","user_46","1","18","United Kindom","Edinburg","O2club","Beer","1","14","h"
"440","user_40","1","15","United Kindom","Edinburg","O2club","","1","14","bs"
"441","user_30","1","12","United Kindom","Edinburg","NSF Dentist","","1","14","bs"
"442","user_16","1","16","United Kindom","Glasgow","Stabucks","Dipers","0","13","bs::r"
"443","user_15","1","16","United Kindom","Glasgow","Tesco","Dipers","1","14","h"
"444","user_28","0","10","United Kindom","Glasgow","Lidl","","1","14","bs"
"445","user_50","1","14","United Kindom","Glasgow","Stabucks","","1","14","bs"
"446","user_8","1","13","United Kindom","Edinburg","O2club","Bannas","1","14","h"
"447","user_32","1","11","United Kindom","Glasgow","Train","Dipers","1","14","r"
"448","user_33","1","10","United Kindom","Glasgow","coffe","Milk","1","14","h"
"449","user_2","1","22","United Kindom","Glasgow","NSF Dentist","Milk","1","14","h"
"450","user_37","1","11","United Kindom","Glasgow","O2club","","1","14","bs"
"451","user_26","1","9","United Kindom","Glasgow","Tesco","","1","14","bs"
"452","user_13","1","12","United Kindom","Glasgow","Tesco","Beer","1","14","bs::r"
"453","user_13","0","9","United Kindom","Glasgow","Tesco","","1","14","bs"
"454","user_36","1","16","United Kindom","Edinburg","coffe","Milk","1","14","bs::r"
"455","user_38","1","16","United Kindom","Glasgow","Adil","Dipers","1","14","bs::r"
"456","user_2","1","15","United Kindom","Edinburg","check","Bannas","1","14","bs::r"
"457","user_12","1","18","United Kindom","Edinburg","NSF Dentist","","1","14","bs"
"458","user_34","1","10","United Kindom","Glasgow","Tesco","Cheese","1","14","bs::r"
"459","user_27","1","10","United Kindom","Glasgow","Adil","Cheese","1","14","bs::r"
"460","user_13","1","13","United Kindom","Glasgow","drink","Beer","1","14","bs::r"
"461","user_15","1","18","United Kindom","Edinburg","drink","Beer","1","14","h"
"462","user_18","0","19","United Kindom","Edinburg","Stabucks","Dipers","1","14","bs::r"
"463","user_41","1","15","United Kindom","Edinburg","Train","Bannas","0","13","bs::r"
"464","user_7","1","16","United Kindom","Edinburg","coffe","","1","14","bs"
"465","user_24","1","15","United Kindom","Edinburg","Lidl","Dipers","1","14","bs::r"
"466","user_33","1","14","United Kindom","Glasgow","drink","Beer","1","14","bs::r"
"467","user_12","0","21","United Kindom","Edinburg","Train","","1","14","bs"
"468","user_5","1","17","United Kindom","Edinburg","check","Milk","1","14","bs::r"
"469","user_2","1","17","United Kindom","Glasgow","check","","1","14","bs"
"470","user_28","0","13","United Kindom","Edinburg","NSF Dentist","Milk","1","14","bs::r"
"471","user_39","1","11","United Kindom","Glasgow","Tesco","Cheese","0","13","bs::r"
"472","user_50","1","10","United Kindom","Glasgow","Adil","Cheese","1","14","bs::r"
"473","user_13","1","17","United Kindom","Glasgow","Lidl","","1","14","bs"
"474","user_13","1","16","United Kindom","Glasgow","Lidl","Milk","1","14","bs::r"
"475","user_40","1","16","United Kindom","Glasgow","drink","","1","14","bs"
"476","user_50","1","13","United Kindom","Glasgow","check","","1","14","bs"
"477","user_5","1","19","United Kindom","Glasgow","NSF Dentist","","1","14","bs"
"478","user_30","1","13","United Kindom","Edinburg","check","","1","14","bs"
"479","user_29","1","10","United Kindom","Edinburg","Stabucks","Beer","1","14","h"
"480","user_21","0","15","United Kindom","Glasgow","drink","Dipers","1","14","r"
"481","user_10","0","16","United Kindom","Glasgow","Lidl","Dipers","1","14","bs::r"
"482","user_43","1","11","United Kindom","Glasgow","coffe","","1","14","bs"
"483","user_16","1","18","United Kindom","Edinburg","coffe","Bannas","1","14","bs::r"
"484","user_11","1","10","United Kindom","Glasgow","drink","Cheese","1","14","bs::r"
"485","user_17","1","15","United Kindom","Edinburg","O2club","","1","14","bs"
"486","user_6","1","17","United Kindom","Edinburg","O2club","Dipers","1","14","bs::r"
"487","user_35","0","18","United Kindom","Glasgow","Adil","","1","14","bs"
"488","user_44","1","9","United Kindom","Glasgow","NSF Dentist","Cheese","0","13","bs::r"
"489","user_33","1","15","United Kindom","Glasgow","check","","1","14","bs"
"490","user_36","1","12","United Kindom","Edinburg","Tesco","Beer","1","14","bs::r"
"491","user_40","0","16","United Kindom","Edinburg","Tesco","","1","14","bs"
"492","user_11","1","11","United Kindom","Glasgow","check","Milk","1","14","bs::r"
"493","user_13","1","17","United Kindom","Edinburg","Tesco","Beer","1","14","bs::r"
"494","user_30","1","12","United Kindom","Edinburg","coffe","Milk","1","14","bs::r"
"495","user_21","1","21","United Kindom","Glasgow","Stabucks","","0","13","bs"
"496","user_38","1","13","United Kindom","Glasgow","Stabucks","Milk","0","13","bs::r"
"497","user_6","1","19","United Kindom","Glasgow","Lidl","","1","14","bs"
"498","user_1","1","9","United Kindom","Glasgow","Tesco","","1","14","bs"
"499","user_4","1","17","United Kindom","Edinburg","Adil","Dipers","1","14","bs::r"
"500","user_30","1","19","United Kindom","Edinburg","coffe","Milk","1","14","h"
"501","user_47","0","22","United Kindom","Edinburg","O2club","","1","14","bs"
"502","user_2","1","17","United Kindom","Edinburg","check","Bannas","1","14","bs::r"
"503","user_7","1","14","United Kindom","Edinburg","Stabucks","Dipers","1","14","bs::r"
"504","user_8","1","12","United Kindom","Glasgow","Adil","","1","14","bs"
"505","user_49","1","14","United Kindom","Edinburg","Stabucks","Cheese","1","14","bs::r"
"506","user_21","1","12","United Kindom","Edinburg","Adil","","1","14","bs"
"507","user_4","1","18","United Kindom","Edinburg","Adil","","1","14","bs"
"508","user_18","1","13","United Kindom","Glasgow","drink","Cheese","1","14","r"
"509","user_14","1","13","United Kindom","Edinburg","check","","1","14","bs"
"510","user_48","1","21","United Kindom","Edinburg","Tesco","","1","14","bs"
"511","user_29","1","12","United Kindom","Edinburg","check","Cheese","1","14","bs::r"
"512","user_28","0","13","United Kindom","Edinburg","coffe","","1","14","bs"
"513","user_28","1","16","United Kindom","Glasgow","Lidl","Beer","1","14","bs::r"
"514","user_25","1","12","United Kindom","Edinburg","O2club","Beer","1","14","bs::r"
"515","user_16","1","12","United Kindom","Glasgow","Lidl","","1","14","bs"
"516","user_7","1","17","United Kindom","Glasgow","check","Bannas","1","14","bs::r"
"517","user_19","1","20","United Kindom","Edinburg","O2club","Dipers","0","13","r"
"518","user_40","1","8","United Kindom","Glasgow","Stabucks","","1","14","bs"
"519","user_27","1","14","United Kindom","Edinburg","check","Cheese","1","14","bs::r"
"520","user_44","1","17","United Kindom","Glasgow","Stabucks","Cheese","1","14","r"
"521","user_42","1","23","United Kindom","Edinburg","check","","1","14","bs"
"522","user_24","1","12","United Kindom","Glasgow","Stabucks","","1","14","bs"
"523","user_21","0","13","United Kindom","Edinburg","Tesco","Dipers","1","14","r"
"524","user_42","1","21","United Kindom","Edinburg","NSF Dentist","Dipers","1","14","r"
"525","user_32","1","14","United Kindom","Glasgow","Stabucks","","1","14","bs"
"526","user_22","1","18","United Kindom","Glasgow","check","","1","14","bs"
"527","user_5","1","15","United Kindom","Edinburg","O2club","Dipers","1","14","bs::r"
"528","user_46","1","12","United Kindom","Glasgow","drink","Cheese","1","14","bs::r"
"529","user_28","1","14","United Kindom","Edinburg","coffe","Milk","1","14","bs::r"
"530","user_9","1","16","United Kindom","Edinburg","Lidl","","1","14","bs"
"531","user_3","1","13","United Kindom","Edinburg","Adil","Dipers","1","14","bs::r"
"532","user_4","1","16","United Kindom","Glasgow","drink","Beer","0","13","bs::r"
"533","user_6","1","13","United Kindom","Glasgow","drink","Bannas","1","14","bs::r"
"534","user_15","1","16","United Kindom","Edinburg","Train","Cheese","1","14","r"
"535","user_28","1","14","United Kindom","Glasgow","Tesco","","1","14","bs"
"536","user_33","0","23","United Kindom","Glasgow","Tesco","Bannas","1","14","bs::r"
"537","user_13","1","16","United Kindom","Glasgow","Stabucks","Dipers","1","14","bs::r"
"538","user_40","1","13","United Kindom","Glasgow","Adil","Dipers","1","14","bs::r"
"539","user_29","1","14","United Kindom","Glasgow","coffe","Beer","1","14","h"
"540","user_5","1","13","United Kindom","Edinburg","drink","Cheese","1","14","bs::r"
"541","user_40","0","13","United Kindom","Glasgow","O2club","Bannas","1","14","bs::r"
"542","user_12","1","16","United Kindom","Glasgow","Tesco","","0","13","bs"
"543","user_16","1","18","United Kindom","Edinburg","Tesco","Cheese","1","14","bs::r"
"544","user_27","1","17","United Kindom","Edinburg","coffe","Bannas","1","14","bs::r"
"545","user_28","1","14","United Kindom","Glasgow","check","Cheese","1","14","bs::r"
"546","user_19","1","23","United Kindom","Edinburg","Tesco","","1","14","bs"
"547","user_36","1","15","United Kindom","Edinburg","Stabucks","Bannas","0","13","h"
"548","user_35","1","15","United Kindom","Glasgow","O2club","Beer","1","14","r"
"549","user_6","1","20","United Kindom","Edinburg","drink","Cheese","1","14","bs::r"
"550","user_35","1","16","United Kindom","Edinburg","Stabucks","Beer","1","14","bs::r"
"551","user_21","1","6","United Kindom","Glasgow","O2club","Bannas","1","14","r"
"552","user_14","1","11","United Kindom","Edinburg","Tesco","Beer","1","14","bs::r"
"553","user_19","1","9","United Kindom","Edinburg","Train","Milk","1","14","h"
"554","user_17","1","13","United Kindom","Edinburg","Lidl","Dipers","1","14","bs::r"
"555","user_30","1","15","United Kindom","Glasgow","Tesco","","1","14","bs"
"556","user_9","1","19","United Kindom","Glasgow","O2club","Dipers","1","14","r"
"557","user_40","1","16","United Kindom","Glasgow","Tesco","","1","14","bs"
"558","user_48","1","17","United Kindom","Glasgow","Stabucks","Cheese","1","14","r"
"559","user_49","0","16","United Kindom","Edinburg","O2club","Bannas","0","13","h"
"560","user_46","1","16","United Kindom","Glasgow","Stabucks","Cheese","0","13","bs::r"
"561","user_30","0","7","United Kindom","Edinburg","NSF Dentist","Beer","1","14","r"
"562","user_34","0","13","United Kindom","Glasgow","Tesco","","0","13","bs"
"563","user_24","1","13","United Kindom","Glasgow","check","Dipers","1","14","r"
"564","user_31","1","13","United Kindom","Glasgow","NSF Dentist","Beer","1","14","bs::r"
"565","user_20","1","13","United Kindom","Glasgow","Train","","1","14","bs"
"566","user_33","1","13","United Kindom","Glasgow","Adil","Bannas","1","14","r"
"567","user_25","1","21","United Kindom","Edinburg","Tesco","","1","14","bs"
"568","user_31","1","9","United Kindom","Glasgow","Tesco","Cheese","0","13","r"
"569","user_20","1","16","United Kindom","Edinburg","O2club","Beer","1","14","bs::r"
"570","user_11","1","16","United Kindom","Edinburg","drink","Cheese","1","14","h"
"571","user_27","1","10","United Kindom","Glasgow","coffe","Dipers","1","14","bs::r"
"572","user_26","1","14","United Kindom","Glasgow","Train","","1","14","bs"
"573","user_45","1","16","United Kindom","Edinburg","Train","Milk","1","14","bs::r"
"574","user_23","1","16","United Kindom","Glasgow","Adil","Bannas","0","13","bs::r"
"575","user_1","1","18","United Kindom","Glasgow","drink","Dipers","1","14","bs::r"
"576","user_7","1","19","United Kindom","Glasgow","coffe","Beer","1","14","bs::r"
"577","user_35","1","13","United Kindom","Edinburg","Stabucks","","1","14","bs"
"578","user_12","0","13","United Kindom","Edinburg","check","Cheese","0","13","r"
"579","user_28","1","16","United Kindom","Edinburg","check","Cheese","1","14","bs::r"
"580","user_13","0","16","United Kindom","Edinburg","Train","Beer","1","14","bs::r"
"581","user_43","1","12","United Kindom","Edinburg","Stabucks","Bannas","1","14","bs::r"
"582","user_29","1","14","United Kindom","Glasgow","coffe","Cheese","0","13","bs::r"
"583","user_47","1","11","United Kindom","Glasgow","coffe","Cheese","1","14","h"
"584","user_33","1","19","United Kindom","Edinburg","Tesco","Cheese","1","14","bs::r"
"585","user_35","1","15","United Kindom","Glasgow","check","Dipers","1","14","bs::r"
"586","user_42","1","11","United Kindom","Glasgow","NSF Dentist","Dipers","1","14","h"
"587","user_32","1","10","United Kindom","Glasgow","coffe","Dipers","1","14","bs::r"
"588","user_7","1","11","United Kindom","Glasgow","check","","1","14","bs"
"589","user_31","1","15","United Kindom","Edinburg","Tesco","Milk","1","14","h"
"590","user_13","1","12","United Kindom","Glasgow","Stabucks","Cheese","1","14","bs::r"
"591","user_15","1","14","United Kindom","Edinburg","check","Beer","1","14","bs::r"
"592","user_25","1","17","United Kindom","Glasgow","Tesco","Dipers","1","14","bs::r"
"593","user_49","1","8","United Kindom","Glasgow","Tesco","Milk","0","13","bs::r"
"594","user_18","0","18","United Kindom","Glasgow","Stabucks","Milk","1","14","bs::r"
"595","user_18","0","12","United Kindom","Edinburg","Adil","Beer","1","14","bs::r"
"596","user_31","1","11","United Kindom","Edinburg","Tesco","Beer","1","14","bs::r"
"597","user_40","1","21","United Kindom","Glasgow","Adil","Beer","1","14","r"
"598","user_33","1","15","United Kindom","Glasgow","Adil","Beer","1","14","bs::r"
"599","user_42","1","8","United Kindom","Glasgow","coffe","","1","14","bs"
"600","user_9","1","12","United Kindom","Glasgow","drink","","1","14","bs"
"601","user_45","1","12","United Kindom","Edinburg","Tesco","Cheese","1","14","bs::r"
"602","user_5","1","19","United Kindom","Edinburg","NSF Dentist","Beer","1","14","bs::r"
"603","user_14","0","18","United Kindom","Glasgow","Lidl","Cheese","1","14","r"
"604","user_17","1","19","United Kindom","Glasgow","O2club","Beer","1","14","bs::r"
"605","user_14","1","16","United Kindom","Edinburg","coffe","Beer","1","14","h"
"606","user_10","1","12","United Kindom","Glasgow","Tesco","Dipers","0","13","r"
"607","user_3","1","10","United Kindom","Glasgow","Tesco","Beer","1","14","bs::r"
"608","user_11","1","13","United Kindom","Glasgow","coffe","Bannas","1","14","r"
"609","user_49","1","13","United Kindom","Edinburg","coffe","Milk","1","14","bs::r"
"610","user_45","1","10","United Kindom","Glasgow","Train","","1","14","bs"
"611","user_50","1","9","United Kindom","Glasgow","check","","1","14","bs"
"612","user_13","1","12","United Kindom","Edinburg","Tesco","Milk","1","14","bs::r"
"613","user_36","1","17","United Kindom","Glasgow","Tesco","","1","14","bs"
"614","user_8","1","14","United Kindom","Edinburg","Train","Dipers","1","14","bs::r"
"615","user_35","1","15","United Kindom","Glasgow","Train","","1","14","bs"
"616","user_24","1","10","United Kindom","Glasgow","Lidl","","1","14","bs"
"617","user_44","1","24","United Kindom","Edinburg","coffe","Dipers","1","14","bs::r"
"618","user_25","1","12","United Kindom","Edinburg","O2club","Dipers","1","14","bs::r"
"619","user_22","1","11","United Kindom","Edinburg","Train","","1","14","bs"
"620","user_41","1","14","United Kindom","Edinburg","drink","","1","14","bs"
"621","user_30","1","22","United Kindom","Edinburg","check","Cheese","1","14","bs::r"
"622","user_42","0","17","United Kindom","Glasgow","Lidl","Beer","1","14","bs::r"
"623","user_10","1","12","United Kindom","Edinburg","Tesco","Dipers","1","14","bs::r"
"624","user_44","1","11","United Kindom","Glasgow","NSF Dentist","Dipers","1","14","bs::r"
"625","user_13","0","16","United Kindom","Edinburg","Tesco","Milk","1","14","bs::r"
"626","user_17","1","9","United Kindom","Glasgow","O2club","Dipers","1","14","bs::r"
"627","user_46","1","19","United Kindom","Glasgow","O2club","","1","14","bs"
"628","user_5","1","18","United Kindom","Glasgow","O2club","Bannas","1","14","bs::r"
"629","user_49","1","18","United Kindom","Glasgow","Lidl","Dipers","1","14","bs::r"
"630","user_38","1","18","United Kindom","Glasgow","check","Bannas","1","14","bs::r"
"631","user_17","1","11","United Kindom","Edinburg","Train","Milk","1","14","bs::r"
"632","user_8","1","16","United Kindom","Glasgow","NSF Dentist","Cheese","1","14","bs::r"
"633","user_28","1","16","United Kindom","Edinburg","Adil","","1","14","bs"
"634","user_26","1","19","United Kindom","Glasgow","Train","Bannas","0","13","h"
"635","user_3","1","13","United Kindom","Edinburg","drink","","1","14","bs"
"636","user_28","1","17","United Kindom","Glasgow","drink","Bannas","1","14","h"
"637","user_23","1","10","United Kindom","Glasgow","Stabucks","Bannas","1","14","h"
"638","user_12","1","23","United Kindom","Edinburg","Tesco","","1","14","bs"
"639","user_47","1","12","United Kindom","Edinburg","drink","Dipers","1","14","bs::r"
"640","user_30","1","14","United Kindom","Glasgow","O2club","Bannas","1","14","bs::r"
"641","user_1","1","13","United Kindom","Edinburg","coffe","Milk","1","14","r"
"642","user_6","1","19","United Kindom","Glasgow","Stabucks","Dipers","1","14","bs::r"
"643","user_23","1","16","United Kindom","Edinburg","drink","Dipers","1","14","r"
"644","user_9","1","17","United Kindom","Glasgow","check","Dipers","1","14","h"
"645","user_33","0","9","United Kindom","Edinburg","NSF Dentist","Dipers","1","14","r"
"646","user_40","1","12","United Kindom","Glasgow","coffe","Milk","0","13","bs::r"
"647","user_32","1","18","United Kindom","Edinburg","Tesco","Cheese","1","14","r"
"648","user_5","1","18","United Kindom","Edinburg","NSF Dentist","Cheese","1","14","bs::r"
"649","user_45","1","18","United Kindom","Glasgow","Train","Dipers","1","14","bs::r"
"650","user_38","1","20","United Kindom","Glasgow","Tesco","Bannas","1","14","bs::r"
"651","user_44","1","23","United Kindom","Glasgow","NSF Dentist","","1","14","bs"
"652","user_37","1","9","United Kindom","Edinburg","Train","Dipers","1","14","bs::r"
"653","user_49","1","8","United Kindom","Glasgow","Adil","","1","14","bs"
"654","user_50","1","13","United Kindom","Edinburg","Tesco","Bannas","1","14","bs::r"
"655","user_28","1","15","United Kindom","Glasgow","Train","Cheese","1","14","bs::r"
"656","user_41","1","19","United Kindom","Edinburg","Adil","Dipers","1","14","h"
"657","user_36","1","17","United Kindom","Glasgow","coffe","Cheese","1","14","bs::r"
"658","user_10","1","12","United Kindom","Edinburg","Lidl","Cheese","1","14","bs::r"
"659","user_36","1","15","United Kindom","Glasgow","Tesco","","1","14","bs"
"660","user_29","1","14","United Kindom","Edinburg","NSF Dentist","Bannas","1","14","bs::r"
"661","user_28","1","12","United Kindom","Edinburg","O2club","Bannas","1","14","bs::r"
"662","user_14","1","19","United Kindom","Edinburg","Tesco","Milk","1","14","r"
"663","user_23","1","18","United Kindom","Edinburg","Lidl","Dipers","1","14","bs::r"
"664","user_49","1","16","United Kindom","Edinburg","Tesco","Beer","1","14","r"
"665","user_14","0","17","United Kindom","Glasgow","Adil","Beer","1","14","r"
"666","user_7","1","19","United Kindom","Glasgow","Stabucks","Milk","1","14","bs::r"
"667","user_8","0","16","United Kindom","Glasgow","NSF Dentist","Cheese","1","14","bs::r"
"668","user_39","1","8","United Kindom","Edinburg","Tesco","Cheese","1","14","h"
"669","user_50","1","19","United Kindom","Glasgow","drink","","1","14","bs"
"670","user_37","1","17","United Kindom","Glasgow","Tesco","","0","13","bs"
"671","user_22","1","17","United Kindom","Edinburg","Train","","1","14","bs"
"672","user_22","1","16","United Kindom","Glasgow","Stabucks","Beer","0","13","h"
"673","user_28","1","19","United Kindom","Glasgow","O2club","","1","14","bs"
"674","user_17","0","22","United Kindom","Edinburg","Train","Dipers","1","14","bs::r"
"675","user_4","0","18","United Kindom","Glasgow","Lidl","Cheese","1","14","h"
"676","user_40","1","12","United Kindom","Glasgow","Adil","Cheese","1","14","r"
"677","user_47","1","19","United Kindom","Glasgow","Train","Dipers","1","14","bs::r"
"678","user_40","0","9","United Kindom","Edinburg","coffe","","1","14","bs"
"679","user_5","1","17","United Kindom","Glasgow","Tesco","","1","14","bs"
"680","user_32","1","11","United Kindom","Glasgow","Tesco","","1","14","bs"
"681","user_34","1","9","United Kindom","Edinburg","Stabucks","","1","14","bs"
"682","user_15","1","14","United Kindom","Edinburg","NSF Dentist","Cheese","1","14","r"
"683","user_34","1","18","United Kindom","Edinburg","Lidl","Cheese","1","14","h"
"684","user_9","1","21","United Kindom","Glasgow","Tesco","Cheese","1","14","bs::r"
"685","user_45","1","16","United Kindom","Edinburg","NSF Dentist","Beer","1","14","h"
"686","user_14","1","15","United Kindom","Edinburg","Adil","Cheese","0","13","bs::r"
"687","user_36","1","10","United Kindom","Edinburg","Stabucks","Bannas","1","14","bs::r"
"688","user_17","1","12","United Kindom","Glasgow","NSF Dentist","Dipers","0","13","bs::r"
"689","user_21","1","17","United Kindom","Glasgow","Lidl","Beer","1","14","h"
"690","user_2","1","15","United Kindom","Glasgow","Stabucks","Milk","1","14","r"
"691","user_41","1","15","United Kindom","Glasgow","Train","Milk","1","14","bs::r"
"692","user_12","1","10","United Kindom","Edinburg","check","","1","14","bs"
"693","user_43","1","16","United Kindom","Glasgow","Tesco","Dipers","1","14","r"
"694","user_47","1","11","United Kindom","Edinburg","check","","1","14","bs"
"695","user_37","1","18","United Kindom","Glasgow","Tesco","","1","14","bs"
"696","user_7","1","12","United Kindom","Edinburg","Adil","Beer","1","14","r"
"697","user_41","1","15","United Kindom","Glasgow","Tesco","","1","14","bs"
"698","user_15","0","16","United Kindom","Glasgow","Stabucks","Beer","1","14","bs::r"
"699","user_47","1","16","United Kindom","Edinburg","Train","","1","14","bs"
"700","user_30","1","17","United Kindom","Edinburg","coffe","Dipers","1","14","bs::r"
"701","user_48","1","12","United Kindom","Edinburg","Train","","1","14","bs"
"702","user_26","1","16","United Kindom","Glasgow","O2club","Cheese","1","14","bs::r"
"703","user_9","1","8","United Kindom","Edinburg","Lidl","Dipers","1","14","bs::r"
"704","user_37","1","10","United Kindom","Edinburg","Lidl","","1","14","bs"
"705","user_9","1","10","United Kindom","Glasgow","Stabucks","Bannas","1","14","h"
"706","user_13","1","9","United Kindom","Edinburg","Lidl","Bannas","1","14","bs::r"
"707","user_47","1","14","United Kindom","Glasgow","drink","Cheese","1","14","h"
"708","user_10","1","11","United Kindom","Glasgow","Adil","Cheese","1","14","r"
"709","user_39","1","20","United Kindom","Edinburg","O2club","Milk","1","14","bs::r"
"710","user_24","1","19","United Kindom","Edinburg","Tesco","Beer","1","14","r"
"711","user_13","1","11","United Kindom","Glasgow","Tesco","Bannas","1","14","bs::r"
"712","user_44","1","12","United Kindom","Glasgow","check","","1","14","bs"
"713","user_9","1","12","United Kindom","Glasgow","coffe","","1","14","bs"
"714","user_2","1","13","United Kindom","Glasgow","Stabucks","Milk","0","13","bs::r"
"715","user_19","1","23","United Kindom","Glasgow","Train","Beer","1","14","bs::r"
"716","user_23","1","13","United Kindom","Glasgow","Lidl","Bannas","1","14","bs::r"
"717","user_50","0","18","United Kindom","Glasgow","Stabucks","Bannas","1","14","bs::r"
"718","user_3","1","15","United Kindom","Edinburg","NSF Dentist","Dipers","1","14","bs::r"
"719","user_11","1","29","United Kindom","Glasgow","O2club","Milk","1","14","bs::r"
"720","user_43","1","16","United Kindom","Edinburg","Tesco","","1","14","bs"
"721","user_47","1","16","United Kindom","Edinburg","Tesco","Dipers","1","14","bs::r"
"722","user_46","1","18","United Kindom","Edinburg","Tesco","","1","14","bs"
"723","user_34","1","12","United Kindom","Edinburg","Adil","Beer","1","14","bs::r"
"724","user_27","1","23","United Kindom","Glasgow","O2club","Dipers","1","14","bs::r"
"725","user_7","0","15","United Kindom","Glasgow","Adil","Cheese","1","14","bs::r"
"726","user_21","1","18","United Kindom","Glasgow","check","","1","14","bs"
"727","user_40","1","21","United Kindom","Glasgow","Tesco","Beer","1","14","bs::r"
"728","user_49","1","14","United Kindom","Glasgow","O2club","Beer","1","14","bs::r"
"729","user_27","1","16","United Kindom","Edinburg","Lidl","","1","14","bs"
"730","user_21","0","12","United Kindom","Glasgow","Tesco","Milk","1","14","r"
"731","user_7","1","13","United Kindom","Glasgow","Adil","","1","14","bs"
"732","user_37","1","12","United Kindom","Glasgow","Lidl","Bannas","1","14","bs::r"
"733","user_24","1","11","United Kindom","Glasgow","drink","Dipers","1","14","bs::r"
"734","user_38","1","19","United Kindom","Glasgow","NSF Dentist","","1","14","bs"
"735","user_32","1","13","United Kindom","Edinburg","drink","","1","14","bs"
"736","user_23","1","16","United Kindom","Glasgow","Stabucks","","1","14","bs"
"737","user_1","1","19","United Kindom","Edinburg","drink","Dipers","1","14","bs::r"
"738","user_19","1","15","United Kindom","Glasgow","O2club","Bannas","1","14","bs::r"
"739","user_44","1","12","United Kindom","Glasgow","Adil","Cheese","1","14","r"
"740","user_30","0","13","United Kindom","Glasgow","Tesco","","1","14","bs"
"741","user_10","1","14","United Kindom","Glasgow","Stabucks","","1","14","bs"
"742","user_5","1","9","United Kindom","Glasgow","O2club","Cheese","1","14","r"
"743","user_29","1","21","United Kindom","Glasgow","drink","","1","14","bs"
"744","user_4","0","15","United Kindom","Glasgow","NSF Dentist","Dipers","1","14","bs::r"
"745","user_23","1","16","United Kindom","Edinburg","Train","Cheese","1","14","bs::r"
"746","user_15","1","16","United Kindom","Glasgow","drink","","1","14","bs"
"747","user_46","1","16","United Kindom","Glasgow","drink","Cheese","1","14","bs::r"
"748","user_44","0","13","United Kindom","Glasgow","Lidl","","1","14","bs"
"749","user_17","1","22","United Kindom","Edinburg","Tesco","Milk","1","14","h"
"750","user_3","1","21","United Kindom","Glasgow","Stabucks","Milk","1","14","bs::r"
"751","user_40","1","13","United Kindom","Glasgow","Tesco","","1","14","bs"
"752","user_47","1","23","United Kindom","Edinburg","Tesco","","1","14","bs"
"753","user_37","0","18","United Kindom","Edinburg","Tesco","","1","14","bs"
"754","user_39","1","19","United Kindom","Glasgow","Tesco","","0","13","bs"
"755","user_16","1","17","United Kindom","Glasgow","coffe","","1","14","bs"
"756","user_16","1","13","United Kindom","Edinburg","Tesco","Milk","1","14","bs::r"
"757","user_1","1","16","United Kindom","Glasgow","O2club","Bannas","1","14","bs::r"
"758","user_19","1","17","United Kindom","Edinburg","coffe","Bannas","1","14","bs::r"
"759","user_2","1","10","United Kindom","Edinburg","coffe","","1","14","bs"
"760","user_10","1","20","United Kindom","Glasgow","check","Dipers","1","14","bs::r"
"761","user_46","1","15","United Kindom","Edinburg","Tesco","Cheese","1","14","h"
"762","user_34","1","19","United Kindom","Edinburg","drink","Bannas","1","14","bs::r"
"763","user_37","0","16","United Kindom","Glasgow","check","","1","14","bs"
"764","user_6","1","18","United Kindom","Edinburg","Stabucks","Dipers","1","14","h"
"765","user_32","1","19","United Kindom","Glasgow","Tesco","","1","14","bs"
"766","user_42","1","22","United Kindom","Edinburg","drink","","1","14","bs"
"767","user_44","1","16","United Kindom","Edinburg","drink","","0","13","bs"
"768","user_7","1","14","United Kindom","Glasgow","Adil","","1","14","bs"
"769","user_37","1","15","United Kindom","Edinburg","O2club","","1","14","bs"
"770","user_40","1","15","United Kindom","Edinburg","O2club","Beer","1","14","bs::r"
"771","user_42","1","17","United Kindom","Glasgow","Tesco","Bannas","1","14","bs::r"
"772","user_48","1","11","United Kindom","Edinburg","Tesco","Milk","1","14","r"
"773","user_10","1","18","United Kindom","Edinburg","Lidl","Milk","1","14","bs::r"
"774","user_42","1","13","United Kindom","Glasgow","Adil","Beer","1","14","bs::r"
"775","user_35","1","16","United Kindom","Glasgow","O2club","","1","14","bs"
"776","user_18","1","12","United Kindom","Edinburg","NSF Dentist","","1","14","bs"
"777","user_47","1","14","United Kindom","Edinburg","Train","Milk","1","14","bs::r"
"778","user_27","1","8","United Kindom","Glasgow","O2club","Beer","1","14","bs::r"
"779","user_1","1","12","United Kindom","Glasgow","check","Dipers","1","14","bs::r"
"780","user_11","1","12","United Kindom","Glasgow","Tesco","Beer","0","13","bs::r"
"781","user_20","1","17","United Kindom","Edinburg","Tesco","Cheese","1","14","bs::r"
"782","user_48","1","29","United Kindom","Glasgow","O2club","Cheese","1","14","r"
"783","user_43","1","14","United Kindom","Edinburg","O2club","","1","14","bs"
"784","user_28","1","12","United Kindom","Glasgow","drink","Milk","1","14","bs::r"
"785","user_3","1","8","United Kindom","Glasgow","O2club","Beer","1","14","bs::r"
"786","user_10","1","9","United Kindom","Edinburg","Tesco","","0","13","bs"
"787","user_27","1","16","United Kindom","Edinburg","Stabucks","Milk","1","14","bs::r"
"788","user_29","1","14","United Kindom","Glasgow","Stabucks","","1","14","bs"
"789","user_23","1","27","United Kindom","Glasgow","check","","1","14","bs"
"790","user_19","1","14","United Kindom","Edinburg","NSF Dentist","Cheese","1","14","bs::r"
"791","user_10","1","20","United Kindom","Glasgow","check","Dipers","1","14","r"
"792","user_17","1","15","United Kindom","Glasgow","coffe","Bannas","0","13","r"
"793","user_8","0","15","United Kindom","Edinburg","NSF Dentist","","1","14","bs"
"794","user_8","1","16","United Kindom","Glasgow","NSF Dentist","Beer","1","14","bs::r"
"795","user_40","0","18","United Kindom","Edinburg","Train","","1","14","bs"
"796","user_19","1","15","United Kindom","Glasgow","check","Dipers","1","14","bs::r"
"797","user_50","1","20","United Kindom","Edinburg","check","Milk","1","14","bs::r"
"798","user_5","0","15","United Kindom","Glasgow","Tesco","Cheese","1","14","bs::r"
"799","user_50","1","17","United Kindom","Glasgow","Tesco","Beer","1","14","h"
"800","user_50","1","18","United Kindom","Edinburg","Train","Dipers","1","14","r"
"801","user_36","1","14","United Kindom","Edinburg","check","","1","14","bs"
"802","user_32","0","9","United Kindom","Edinburg","O2club","Bannas","1","14","bs::r"
"803","user_45","0","20","United Kindom","Edinburg","Stabucks","","1","14","bs"
"804","user_36","1","10","United Kindom","Glasgow","Stabucks","","1","14","bs"
"805","user_7","1","16","United Kindom","Glasgow","NSF Dentist","Bannas","1","14","bs::r"
"806","user_49","0","12","United Kindom","Edinburg","NSF Dentist","Cheese","1","14","bs::r"
"807","user_33","0","16","United Kindom","Glasgow","Lidl","Beer","0","13","bs::r"
"808","user_8","1","18","United Kindom","Edinburg","Stabucks","Beer","1","14","bs::r"
"809","user_31","0","15","United Kindom","Glasgow","drink","","1","14","bs"
"810","user_22","1","18","United Kindom","Edinburg","Tesco","","1","14","bs"
"811","user_24","1","15","United Kindom","Glasgow","O2club","Milk","1","14","bs::r"
"812","user_17","1","18","United Kindom","Edinburg","O2club","","1","14","bs"
"813","user_46","1","8","United Kindom","Glasgow","Tesco","Cheese","1","14","bs::r"
"814","user_11","1","9","United Kindom","Glasgow","Adil","","1","14","bs"
"815","user_23","1","19","United Kindom","Glasgow","Tesco","Beer","1","14","bs::r"
"816","user_12","1","14","United Kindom","Edinburg","Adil","Beer","1","14","bs::r"
"817","user_36","1","15","United Kindom","Glasgow","Tesco","","1","14","bs"
"818","user_23","0","10","United Kindom","Edinburg","check","Dipers","1","14","bs::r"
"819","user_20","1","10","United Kindom","Edinburg","O2club","Milk","1","14","bs::r"
"820","user_11","1","15","United Kindom","Glasgow","Tesco","Dipers","1","14","h"
"821","user_1","1","17","United Kindom","Edinburg","Stabucks","Milk","1","14","bs::r"
"822","user_33","1","17","United Kindom","Glasgow","Train","Beer","0","13","bs::r"
"823","user_33","1","11","United Kindom","Glasgow","O2club","Bannas","1","14","bs::r"
"824","user_29","0","14","United Kindom","Glasgow","Lidl","","1","14","bs"
"825","user_27","1","16","United Kindom","Edinburg","Stabucks","Cheese","0","13","bs::r"
"826","user_29","1","24","United Kindom","Edinburg","coffe","","1","14","bs"
"827","user_6","1","11","United Kindom","Glasgow","Tesco","Milk","1","14","bs::r"
"828","user_5","1","5","United Kindom","Edinburg","Tesco","","1","14","bs"
"829","user_43","1","17","United Kindom","Glasgow","coffe","Bannas","1","14","bs::r"
"830","user_7","1","14","United Kindom","Glasgow","Lidl","","0","13","bs"
"831","user_16","1","10","United Kindom","Glasgow","check","Dipers","1","14","bs::r"
"832","user_18","1","17","United Kindom","Glasgow","Train","Dipers","1","14","bs::r"
"833","user_26","1","8","United Kindom","Glasgow","check","Dipers","1","14","h"
"834","user_45","1","15","United Kindom","Edinburg","Train","","1","14","bs"
"835","user_46","0","24","United Kindom","Glasgow","coffe","","1","14","bs"
"836","user_45","1","25","United Kindom","Edinburg","Lidl","Cheese","1","14","bs::r"
"837","user_36","1","10","United Kindom","Edinburg","coffe","Cheese","0","13","r"
"838","user_23","1","15","United Kindom","Glasgow","coffe","Beer","1","14","bs::r"
"839","user_8","1","17","United Kindom","Edinburg","Adil","Bannas","1","14","bs::r"
"840","user_24","1","11","United Kindom","Edinburg","drink","Bannas","1","14","bs::r"
"841","user_38","1","16","United Kindom","Edinburg","Stabucks","Milk","1","14","bs::r"
"842","user_36","1","14","United Kindom","Edinburg","NSF Dentist","Dipers","0","13","bs::r"
"843","user_45","1","18","United Kindom","Edinburg","check","","1","14","bs"
"844","user_7","1","17","United Kindom","Glasgow","NSF Dentist","Dipers","1","14","bs::r"
"845","user_24","1","16","United Kindom","Glasgow","O2club","","0","13","bs"
"846","user_20","1","10","United Kindom","Glasgow","Lidl","Bannas","1","14","bs::r"
"847","user_23","1","19","United Kindom","Edinburg","coffe","Bannas","1","14","bs::r"
"848","user_13","1","22","United Kindom","Edinburg","check","","1","14","bs"
"849","user_3","1","17","United Kindom","Edinburg","Tesco","Cheese","1","14","h"
"850","user_4","1","15","United Kindom","Glasgow","coffe","","1","14","bs"
"851","user_22","1","13","United Kindom","Glasgow","Train","Milk","1","14","bs::r"
"852","user_19","1","18","United Kindom","Edinburg","Adil","Dipers","1","14","h"
"853","user_42","1","17","United Kindom","Edinburg","check","","1","14","bs"
"854","user_29","1","16","United Kindom","Glasgow","Lidl","Cheese","0","13","r"
"855","user_25","1","11","United Kindom","Glasgow","NSF Dentist","Milk","1","14","h"
"856","user_5","1","10","United Kindom","Edinburg","Train","Beer","1","14","bs::r"
"857","user_48","1","11","United Kindom","Glasgow","Tesco","Beer","1","14","h"
"858","user_28","1","27","United Kindom","Glasgow","Adil","Bannas","1","14","bs::r"
"859","user_50","1","19","United Kindom","Glasgow","Stabucks","Dipers","1","14","bs::r"
"860","user_47","1","15","United Kindom","Glasgow","NSF Dentist","Bannas","1","14","bs::r"
"861","user_21","0","17","United Kindom","Glasgow","O2club","Milk","1","14","bs::r"
"862","user_47","1","19","United Kindom","Glasgow","O2club","Cheese","1","14","bs::r"
"863","user_25","1","13","United Kindom","Glasgow","O2club","","0","13","bs"
"864","user_7","1","11","United Kindom","Edinburg","coffe","Milk","1","14","bs::r"
"865","user_26","1","16","United Kindom","Glasgow","O2club","","0","13","bs"
"866","user_27","1","10","United Kindom","Glasgow","check","","1","14","bs"
"867","user_40","1","16","United Kindom","Glasgow","Adil","Milk","1","14","bs::r"
"868","user_33","1","17","United Kindom","Edinburg","O2club","Bannas","1","14","bs::r"
"869","user_42","1","14","United Kindom","Glasgow","Tesco","Dipers","1","14","h"
"870","user_16","1","14","United Kindom","Glasgow","NSF Dentist","","1","14","bs"
"871","user_23","1","14","United Kindom","Glasgow","Adil","Bannas","1","14","bs::r"
"872","user_31","1","18","United Kindom","Glasgow","drink","Beer","1","14","bs::r"
"873","user_41","0","19","United Kindom","Edinburg","Adil","Beer","1","14","r"
"874","user_14","1","12","United Kindom","Edinburg","Adil","","1","14","bs"
"875","user_25","1","10","United Kindom","Edinburg","Adil","Beer","1","14","bs::r"
"876","user_31","1","19","United Kindom","Glasgow","O2club","Beer","0","13","bs::r"
"877","user_25","1","17","United Kindom","Glasgow","Adil","","1","14","bs"
"878","user_11","1","16","United Kindom","Edinburg","Adil","Cheese","1","14","bs::r"
"879","user_27","1","18","United Kindom","Edinburg","NSF Dentist","Milk","1","14","bs::r"
"880","user_34","1","18","United Kindom","Glasgow","drink","Milk","1","14","h"
"881","user_23","1","8","United Kindom","Glasgow","Lidl","Dipers","0","13","bs::r"
"882","user_11","1","19","United Kindom","Glasgow","Train","","1","14","bs"
"883","user_31","1","17","United Kindom","Edinburg","O2club","","1","14","bs"
"884","user_10","0","15","United Kindom","Edinburg","Tesco","","1","14","bs"
"885","user_9","1","15","United Kindom","Glasgow","drink","Milk","1","14","bs::r"
"886","user_42","1","17","United Kindom","Glasgow","Tesco","","1","14","bs"
"887","user_39","1","10","United Kindom","Edinburg","Tesco","Beer","1","14","bs::r"
"888","user_24","1","16","United Kindom","Glasgow","Stabucks","","1","14","bs"
"889","user_21","1","12","United Kindom","Edinburg","drink","Bannas","0","13","bs::r"
"890","user_32","1","15","United Kindom","Edinburg","O2club","","1","14","bs"
"891","user_33","1","11","United Kindom","Glasgow","drink","Bannas","1","14","bs::r"
"892","user_37","1","12","United Kindom","Glasgow","check","Cheese","1","14","bs::r"
"893","user_38","1","20","United Kindom","Edinburg","NSF Dentist","Beer","0","13","bs::r"
"894","user_16","1","10","United Kindom","Glasgow","Train","Dipers","1","14","bs::r"
"895","user_34","1","10","United Kindom","Edinburg","O2club","Dipers","1","14","bs::r"
"896","user_38","1","18","United Kindom","Glasgow","Adil","Bannas","1","14","h"
"897","user_5","1","12","United Kindom","Edinburg","Tesco","Bannas","1","14","bs::r"
"898","user_16","1","8","United Kindom","Glasgow","coffe","Dipers","1","14","bs::r"
"899","user_27","1","16","United Kindom","Glasgow","Tesco","","1","14","bs"
"900","user_3","1","20","United Kindom","Glasgow","O2club","Beer","1","14","bs::r"
"901","user_9","1","13","United Kindom","Edinburg","Stabucks","Cheese","1","14","bs::r"
"902","user_48","1","17","United Kindom","Edinburg","Stabucks","","1","14","bs"
"903","user_20","1","18","United Kindom","Edinburg","Train","Cheese","1","14","bs::r"
"904","user_3","1","17","United Kindom","Glasgow","Tesco","Dipers","1","14","bs::r"
"905","user_5","1","10","United Kindom","Edinburg","Tesco","Beer","1","14","bs::r"
"906","user_13","1","13","United Kindom","Glasgow","check","Milk","1","14","bs::r"
"907","user_4","1","13","United Kindom","Edinburg","Tesco","","1","14","bs"
"908","user_27","1","17","United Kindom","Edinburg","drink","Milk","1","14","bs::r"
"909","user_40","1","17","United Kindom","Glasgow","check","Cheese","1","14","h"
"910","user_34","1","16","United Kindom","Glasgow","Stabucks","","1","14","bs"
"911","user_4","0","13","United Kindom","Glasgow","check","","1","14","bs"
"912","user_4","1","23","United Kindom","Edinburg","coffe","Milk","0","13","bs::r"
"913","user_36","1","7","United Kindom","Glasgow","Stabucks","Cheese","1","14","h"
"914","user_38","1","15","United Kindom","Glasgow","drink","Bannas","1","14","r"
"915","user_10","1","14","United Kindom","Glasgow","Tesco","Dipers","1","14","bs::r"
"916","user_11","1","18","United Kindom","Glasgow","Tesco","Dipers","1","14","bs::r"
"917","user_29","1","17","United Kindom","Glasgow","Tesco","Dipers","1","14","bs::r"
"918","user_40","1","19","United Kindom","Glasgow","check","Cheese","1","14","bs::r"
"919","user_22","1","13","United Kindom","Edinburg","Stabucks","","0","13","bs"
"920","user_47","1","14","United Kindom","Glasgow","Adil","Dipers","1","14","bs::r"
"921","user_25","1","11","United Kindom","Edinburg","O2club","Bannas","0","13","bs::r"
"922","user_11","1","15","United Kindom","Edinburg","Adil","","1","14","bs"
"923","user_8","1","14","United Kindom","Edinburg","Lidl","Milk","1","14","h"
"924","user_35","1","13","United Kindom","Glasgow","Train","","1","14","bs"
"925","user_4","1","13","United Kindom","Glasgow","NSF Dentist","Milk","1","14","r"
"926","user_14","1","16","United Kindom","Glasgow","Adil","Bannas","1","14","bs::r"
"927","user_30","1","16","United Kindom","Glasgow","Stabucks","","1","14","bs"
"928","user_30","1","12","United Kindom","Glasgow","coffe","Dipers","1","14","r"
"929","user_30","1","20","United Kindom","Glasgow","check","Milk","1","14","bs::r"
"930","user_23","1","17","United Kindom","Glasgow","Lidl","Cheese","1","14","h"
"931","user_15","1","20","United Kindom","Edinburg","drink","Beer","1","14","h"
"932","user_16","1","19","United Kindom","Glasgow","coffe","Milk","1","14","bs::r"
"933","user_46","1","23","United Kindom","Glasgow","check","Beer","1","14","bs::r"
"934","user_1","1","13","United Kindom","Glasgow","Adil","Bannas","1","14","bs::r"
"935","user_31","1","14","United Kindom","Glasgow","Tesco","Cheese","1","14","h"
"936","user_16","1","12","United Kindom","Glasgow","Lidl","","1","14","bs"
"937","user_40","1","14","United Kindom","Edinburg","Tesco","Milk","0","13","h"
"938","user_24","1","8","United Kindom","Edinburg","O2club","Bannas","1","14","bs::r"
"939","user_42","1","12","United Kindom","Edinburg","O2club","Dipers","1","14","bs::r"
"940","user_40","1","12","United Kindom","Glasgow","drink","","1","14","bs"
"941","user_25","1","19","United Kindom","Edinburg","Stabucks","Dipers","1","14","bs::r"
"942","user_22","1","15","United Kindom","Edinburg","Adil","Beer","1","14","h"
"943","user_49","1","23","United Kindom","Glasgow","Tesco","Bannas","1","14","r"
"944","user_36","1","14","United Kindom","Glasgow","Tesco","Milk","0","13","bs::r"
"945","user_35","1","19","United Kindom","Glasgow","NSF Dentist","Cheese","1","14","h"
"946","user_27","1","16","United Kindom","Glasgow","Train","","0","13","bs"
"947","user_46","1","17","United Kindom","Glasgow","drink","Bannas","1","14","bs::r"
"948","user_7","1","23","United Kindom","Glasgow","O2club","Bannas","1","14","bs::r"
"949","user_18","1","15","United Kindom","Glasgow","drink","Cheese","1","14","r"
"950","user_49","0","15","United Kindom","Glasgow","NSF Dentist","Beer","0","13","bs::r"
"951","user_1","1","12","United Kindom","Glasgow","O2club","Cheese","1","14","bs::r"
"952","user_6","1","13","United Kindom","Glasgow","check","","1","14","bs"
"953","user_23","0","21","United Kindom","Glasgow","drink","","1","14","bs"
"954","user_47","1","12","United Kindom","Edinburg","coffe","Cheese","1","14","h"
"955","user_21","0","10","United Kindom","Edinburg","NSF Dentist","Bannas","1","14","bs::r"
"956","user_19","1","10","United Kindom","Glasgow","check","","1","14","bs"
"957","user_19","1","15","United Kindom","Edinburg","Tesco","Beer","1","14","bs::r"
"958","user_49","1","15","United Kindom","Edinburg","O2club","","1","14","bs"
"959","user_37","1","9","United Kindom","Glasgow","Stabucks","Milk","1","14","h"
"960","user_14","1","15","United Kindom","Edinburg","Lidl","Milk","1","14","bs::r"
"961","user_22","1","13","United Kindom","Edinburg","Tesco","Bannas","1","14","bs::r"
"962","user_2","1","19","United Kindom","Glasgow","Lidl","Beer","1","14","bs::r"
"963","user_7","1","15","United Kindom","Edinburg","Tesco","Beer","1","14","r"
"964","user_12","1","10","United Kindom","Edinburg","Stabucks","Beer","0","13","bs::r"
"965","user_14","1","20","United Kindom","Edinburg","drink","Bannas","1","14","bs::r"
"966","user_21","1","17","United Kindom","Glasgow","Train","Bannas","0","13","bs::r"
"967","user_35","1","14","United Kindom","Edinburg","Train","","1","14","bs"
"968","user_30","1","19","United Kindom","Edinburg","Adil","Milk","1","14","bs::r"
"969","user_35","1","18","United Kindom","Glasgow","check","Cheese","1","14","bs::r"
"970","user_9","1","16","United Kindom","Glasgow","Stabucks","Bannas","1","14","bs::r"
"971","user_24","1","12","United Kindom","Glasgow","O2club","","1","14","bs"
"972","user_27","1","18","United Kindom","Glasgow","Lidl","","1","14","bs"
"973","user_29","1","12","United Kindom","Edinburg","Lidl","Bannas","0","13","bs::r"
"974","user_8","1","14","United Kindom","Edinburg","Adil","Beer","1","14","r"
"975","user_43","1","11","United Kindom","Glasgow","drink","","0","13","bs"
"976","user_14","0","18","United Kindom","Edinburg","Tesco","","1","14","bs"
"977","user_18","1","20","United Kindom","Glasgow","coffe","Beer","1","14","bs::r"
"978","user_19","1","15","United Kindom","Edinburg","coffe","Cheese","1","14","h"
"979","user_1","1","14","United Kindom","Glasgow","Lidl","","1","14","bs"
"980","user_41","1","8","United Kindom","Edinburg","Tesco","Milk","1","14","h"
"981","user_5","1","19","United Kindom","Glasgow","coffe","","1","14","bs"
"982","user_1","1","25","United Kindom","Edinburg","Tesco","Beer","1","14","bs::r"
"983","user_15","1","16","United Kindom","Edinburg","Train","Bannas","1","14","h"
"984","user_7","1","14","United Kindom","Edinburg","coffe","Milk","1","14","bs::r"
"985","user_46","1","17","United Kindom","Edinburg","Tesco","Cheese","1","14","bs::r"
"986","user_36","1","17","United Kindom","Glasgow","O2club","Bannas","1","14","bs::r"
"987","user_32","1","13","United Kindom","Glasgow","O2club","","1","14","bs"
"988","user_13","1","16","United Kindom","Glasgow","NSF Dentist","","1","14","bs"
"989","user_20","0","18","United Kindom","Glasgow","Adil","","1","14","bs"
"990","user_43","1","19","United Kindom","Glasgow","Lidl","Dipers","1","14","r"
"991","user_4","1","8","United Kindom","Glasgow","Lidl","Bannas","1","14","bs::r"
"992","user_34","1","14","United Kindom","Edinburg","Adil","Bannas","1","14","bs::r"
"993","user_14","1","19","United Kindom","Edinburg","Train","Cheese","1","14","r"
"994","user_17","1","15","United Kindom","Glasgow","coffe","Milk","1","14","r"
"995","user_47","1","19","United Kindom","Glasgow","Tesco","Beer","1","14","bs::r"
"996","user_13","1","23","United Kindom","Glasgow","Adil","Bannas","1","14","bs::r"
"997","user_17","1","17","United Kindom","Glasgow","Train","Dipers","1","14","bs::r"
"998","user_8","1","12","United Kindom","Edinburg","Lidl","","1","14","bs"
"999","user_14","1","16","United Kindom","Glasgow","O2club","Beer","1","14","bs::r"
"1000","user_7","0","12","United Kindom","Edinburg","coffe","","1","14","bs"
